"thumbnail href","img-fluid src","img-fluid src 2","product-category-name","h3","product-reference","product-price","product-description-short","product-brand","product-flag 2","regular-price"
"https://allforpadel.com/en/padel-rackets/7414-adidas-cross-it-carbon-maxi-arce-racket-8435739405710.html","https://allforpadel.com/7842-home_default/adidas-cross-it-carbon-maxi-arce-racket.jpg","https://allforpadel.com/7839-home_default/adidas-cross-it-carbon-maxi-arce-racket.jpg","Padel rackets","adidas Cross It Carbon-Maxi Arce racket","AR1AA5U12","€280.00","Enter the future of padel with Maxi Arce's racket, designed for players who dominate with control. Its oversized diamond shape and head balance offer precision and power in every shot. Maxi chose it for a reason: it's made to win.","","",""
"https://allforpadel.com/en/padel-rackets/7413-adidas-metalbone-pro-edt-2025-racket-ale-galan-8435739405680.html","https://allforpadel.com/7905-home_default/adidas-metalbone-pro-edt-2025-racket-ale-galan.jpg","https://allforpadel.com/8014-home_default/adidas-metalbone-pro-edt-2025-racket-ale-galan.jpg","Padel rackets","adidas Metalbone Pro Edt 2025 Racket Ale Galán","AR1AA4U11","€425.00","The adidas Metalbone Pro Edt 2025 is a limited-edition racket developed in collaboration with Ale Galán. From Madrid to the world, Ale has redefined what it means to compete with character, intelligence, and power. This racket draws inspiration from Mercury’s energy: fast, unpredictable, precise. It’s made for those who play on the edge, without compromise.","","",""
"https://allforpadel.com/en/padel-rackets/7415-adidas-adipower-ctrl-mtw-pro-edt-2025-racket-alex-ruiz-8435739405673.html","https://allforpadel.com/7883-home_default/adidas-adipower-ctrl-mtw-pro-edt-2025-racket-alex-ruiz.jpg","https://allforpadel.com/8015-home_default/adidas-adipower-ctrl-mtw-pro-edt-2025-racket-alex-ruiz.jpg","Padel rackets","adidas Adipower Ctrl Mtw Pro Edt 2025 Racket Alex Ruiz","AR1CA8U16","€450.00","The adidas Adipower CTRL MTW Pro Edt 2025 is a limited edition co-designed with Álex Ruiz, the great captain. From Málaga and marked by the strength of the Sun, this racket embodies the perfect harmony of power and composure, the unmistakable hallmark of Álex’s game.","","",""
"https://allforpadel.com/en/padel-rackets/7417-adidas-metalbone-09-racket-8435739403617.html","https://allforpadel.com/7663-home_default/adidas-metalbone-09-racket.jpg","https://allforpadel.com/7661-home_default/adidas-metalbone-09-racket.jpg","Padel rackets","adidas Metalbone 09 Racket","AR6AA4U69","€220.00","Created exclusively for the well-known content creator Delantero09, this padel racquet is designed for high-performance players. It offers power, control, and precise spins, making it perfect for those looking to stand out on the court.","","",""
"https://allforpadel.com/en/padel-rackets/7418-adidas-adipower-A1-racket-8435739403624.html","https://allforpadel.com/7571-home_default/adidas-adipower-A1-racket.jpg","https://allforpadel.com/7572-home_default/adidas-adipower-A1-racket.jpg","Padel rackets","adidas Adipower A1 Racket","AR6AA5U22","€220.00","Power, control, and durability in every shot. Exclusive edition designed for the most demanding players.","adidas","",""
"https://allforpadel.com/en/padel-rackets/7420-padel-racket-adidas-granite-ctrl-20-8435739402702.html","https://allforpadel.com/7609-home_default/padel-racket-adidas-granite-ctrl-20.jpg","https://allforpadel.com/7608-home_default/padel-racket-adidas-granite-ctrl-20.jpg","Padel rackets","adidas Granite Ctrl 2.0 racquet","ADRK6CA3U0040F","€60.00","Control and precision in a unique racquet with an exclusive design.","adidas Exclusivo","-60%","€150.00"
"https://allforpadel.com/en/padel-rackets/7419-adidas-padel-racquet-granite-20-8435739402696.html","https://allforpadel.com/7605-home_default/adidas-padel-racquet-granite-20.jpg","https://allforpadel.com/7604-home_default/adidas-padel-racquet-granite-20.jpg","Padel rackets","adidas Granite 2.0 racquet","ADRK6AA1U0066F","€56.00","Perfect balance of power, control, and spin for players looking to dominate the game.","adidas Exclusivo","-60%","€140.00"
"https://allforpadel.com/en/padel-rackets/7421-padel-racket-Granite-20-Pro-Carbon-8435739402719.html","https://allforpadel.com/7611-home_default/padel-racket-Granite-20-Pro-Carbon.jpg","https://allforpadel.com/7610-home_default/padel-racket-Granite-20-Pro-Carbon.jpg","Padel rackets","adidas Granite Pro Carbon 2.0 racquet","ADRK6CA4U0034F","€112.50","Power, control, anPower, control, and a unique design for players who want to stand out on the court d a unique design for players who want to stand out on the court.","adidas Exclusivo","-55%","€250.00"
"https://allforpadel.com/en/padel-rackets/7287-padel-racket-adidas-metalbone-34-ale-galan-8435739402740.html","https://allforpadel.com/7868-home_default/padel-racket-adidas-metalbone-34-ale-galan.jpg","https://allforpadel.com/6774-home_default/padel-racket-adidas-metalbone-34-ale-galan.jpg","Padel rackets","adidas Metalbone 3.4 - Ale Galán Racket","AR1AA0U22","€390.00","Ale Galán’s new racquet takes you to the elite. Master every detail and reach the highest levels of power. Awarded in the POWER category of the Best Padel Awards 2025","","",""
"https://allforpadel.com/en/padel-rackets/7323-adidas-metalbone-hrd-34-racket-ale-galan-8435739402764.html","https://allforpadel.com/6805-home_default/adidas-metalbone-hrd-34-racket-ale-galan.jpg","https://allforpadel.com/6806-home_default/adidas-metalbone-hrd-34-racket-ale-galan.jpg","Padel rackets","adidas Metalbone HRD+ 3.4 - Ale Galán Racket","AR1AA1U22","€390.00","Ale Galán’s racquet embodies the perfect balance of excellence, innovation, and unrivalled power","","",""
"https://allforpadel.com/en/padel-rackets/7327-adidas-metalbone-carbon-ctrl-34-racket-8435739402788.html","https://allforpadel.com/6751-home_default/adidas-metalbone-carbon-ctrl-34-racket.jpg","https://allforpadel.com/6753-home_default/adidas-metalbone-carbon-ctrl-34-racket.jpg","Padel rackets","adidas Metalbone Carbon Ctrl 3.4 Racket","AR1CA1U45","€260.00","Mastering control is one of the most rewarding paths to the elite, and there's no better companion than this racquet.","","",""
"https://allforpadel.com/en/padel-rackets/7326-adidas-metalbone-ctrl-34-racket-8435739402757.html","https://allforpadel.com/7869-home_default/adidas-metalbone-ctrl-34-racket.jpg","https://allforpadel.com/6762-home_default/adidas-metalbone-ctrl-34-racket.jpg","Padel rackets","adidas Metalbone Ctrl 3.4 Racket","AR1CA0U36","€390.00","Control has never been paired with such a distinctive package of technologies. It is part of the Best 25 Guide, which brings together the best blades of the year in the HYBRID category.","","",""
"https://allforpadel.com/en/padel-rackets/7192-adidas-metalbone-hrd-ale-galan-8436548248888.html","https://allforpadel.com/5402-home_default/adidas-metalbone-hrd-ale-galan.jpg","https://allforpadel.com/6122-home_default/adidas-metalbone-hrd-ale-galan.jpg","Padel rackets","Adidas Metalbone Hrd + 3.3 Racket - Ale Galán","ADRK1AA1U0016F","€234.00","Ale Galán's racket surpasses all limits. Power, control, and technology reach unimaginable levels.","adidas","-40%","€390.00"
"https://allforpadel.com/en/padel-rackets/7332-adidas-cross-it-light-34-racket-marta-ortega-8435739402887.html","https://allforpadel.com/6649-home_default/adidas-cross-it-light-34-racket-marta-ortega.jpg","https://allforpadel.com/6648-home_default/adidas-cross-it-light-34-racket-marta-ortega.jpg","Padel rackets","adidas Cross IT Light 3.4 Racket  - Marta Ortega","AR1CA6U11","€300.00","Marta Ortega's racquet combines lightweight agility with cutting-edge technology, giving you the winning edge on the court.","","",""
"https://allforpadel.com/en/padel-rackets/7331-adidas-cross-it-ctrl-34-racket-8435739402870.html","https://allforpadel.com/7871-home_default/adidas-cross-it-ctrl-34-racket.jpg","https://allforpadel.com/6641-home_default/adidas-cross-it-ctrl-34-racket.jpg","Padel rackets","adidas Cross IT CTRL 3.4 Racket","AR1CA5U28","€350.00","A racquet for players who lead with precision, delivering exceptional control to dominate every point. It is part of the Best 25 Guide, which brings together the best Rackets of the year in the CONTROL category.","","",""
"https://allforpadel.com/en/padel-rackets/7325-adidas-cross-it-34-racket-8435739402863.html","https://allforpadel.com/7870-home_default/adidas-cross-it-34-racket.jpg","https://allforpadel.com/6631-home_default/adidas-cross-it-34-racket.jpg","Padel rackets","adidas Cross It 3.4 Racket","AR1AA3U23","€350.00","Make a bold statement on the court with a dynamic design that empowers every swing. It is part of the Best 25 Guide, which gathers the best Rackets of the year in the HYBRID POWER category","","",""
"https://allforpadel.com/en/padel-rackets/7330-adidas-adipower-carbon-light-racket-8435739402849.html","https://allforpadel.com/6599-home_default/adidas-adipower-carbon-light-racket.jpg","https://allforpadel.com/6600-home_default/adidas-adipower-carbon-light-racket.jpg","Padel rackets","adidas Adipower Carbon Light 3.4 Racket","AR1CA4U68","€270.00","Make the most of your speed with this lightweight racquet designed for top-level players who have handling as their greatest asset.","","",""
"https://allforpadel.com/en/padel-rackets/7335-adidas-cross-it-team-racket-8435739402900.html","https://allforpadel.com/6663-home_default/adidas-cross-it-team-racket.jpg","https://allforpadel.com/6662-home_default/adidas-cross-it-team-racket.jpg","Padel rackets","adidas Cross IT Team 3.4 Racket","AR2AA1U23","€180.00","A top choice for dedicated players, delivering unmatched control and performance on the court.","","",""
"https://allforpadel.com/en/padel-rackets/7329-adidas-adipower-carbon-ctrl-racket-8435739402832.html","https://allforpadel.com/6610-home_default/adidas-adipower-carbon-ctrl-racket.jpg","https://allforpadel.com/6608-home_default/adidas-adipower-carbon-ctrl-racket.jpg","Padel rackets","adidas Adipower Carbon CTRL 3.4 Racket","AR1CA3U38","€270.00","The combination of control and Adipower creates a high-performance racquet designed for the most demanding players.","","",""
"https://allforpadel.com/en/padel-rackets/7334-adidas-metalbone-team-34-racket-8435739402795.html","https://allforpadel.com/6797-home_default/adidas-metalbone-team-34-racket.jpg","https://allforpadel.com/6796-home_default/adidas-metalbone-team-34-racket.jpg","Padel rackets","adidas Metalbone Team 3.4 Racket","AR2AA0U42","€200.00","Metalbone opens the door to high-level play with a well-balanced racquet, designed for offensive performance.","","",""
"https://allforpadel.com/en/padel-rackets/7333-adidas-cross-it-carbon-ctrl-racket-8435739402894.html","https://allforpadel.com/6653-home_default/adidas-cross-it-carbon-ctrl-racket.jpg","https://allforpadel.com/6656-home_default/adidas-cross-it-carbon-ctrl-racket.jpg","Padel rackets","adidas Cross IT Carbon CTRL 3.4 Racket","AR1CA7U12","€280.00","Step into the future of padel with a racquet designed for players who demand unmatched control on the court.","","",""
"https://allforpadel.com/en/padel-rackets/7328-adidas-adipower-multiweight-ctrl-34-racket-alex-ruiz-8435739402825.html","https://allforpadel.com/7872-home_default/adidas-adipower-multiweight-ctrl-34-racket-alex-ruiz.jpg","https://allforpadel.com/6617-home_default/adidas-adipower-multiweight-ctrl-34-racket-alex-ruiz.jpg","Padel rackets","adidas Adipower Multiweight Ctrl 3.4 Racket - Álex Ruiz","AR1CA2U31","€400.00","Álex Ruiz's 2025 racquet emerges as the leader of a new generation. Make your mark on the court. It is part of the Best 25 Guide, which brings together the best blades of the year in the HYBRID category.","","",""
"https://allforpadel.com/en/padel-rackets/7336-adidas-metalbone-team-light-34-racket-8435739402801.html","https://allforpadel.com/6786-home_default/adidas-metalbone-team-light-34-racket.jpg","https://allforpadel.com/6793-home_default/adidas-metalbone-team-light-34-racket.jpg","Padel rackets","adidas Metalbone Team Light 3.4 Racket","AR2CA0U45","€200.00","Lightweight design meets top performance for an unmatched combination.","","",""
"https://allforpadel.com/en/padel-rackets/7337-adidas-cross-it-team-light-racket-8435739402917.html","https://allforpadel.com/6674-home_default/adidas-cross-it-team-light-racket.jpg","https://allforpadel.com/6670-home_default/adidas-cross-it-team-light-racket.jpg","Padel rackets","adidas Cross IT Team Light 3.4 Racket","AR2CA1U11","€180.00","A featherlight design combined with advanced features for unbeatable performance on the court.","","",""
"https://allforpadel.com/en/padel-rackets/7339-adidas-rx-series-red-34-racket-8435739402948.html","https://allforpadel.com/7873-home_default/adidas-rx-series-red-34-racket.jpg","https://allforpadel.com/6686-home_default/adidas-rx-series-red-34-racket.jpg","Padel rackets","adidas RX Series Red 3.4 Racket","AR3CA2U16","€120.00","The ideal racquet for taking your game to new heights and progressing with confidence on the court.  It is part of the Best 25 Guide, which gathers the best padel rackets of the year in the category of initiation.","","",""
"https://allforpadel.com/en/padel-rackets/7288-adidas-rx-lime-34-racket-8435739402924.html","https://allforpadel.com/6690-home_default/adidas-rx-lime-34-racket.jpg","https://allforpadel.com/6692-home_default/adidas-rx-lime-34-racket.jpg","Padel rackets","adidas RX Lime 3.4 Racket","AR3CA0U29","€120.00","This racquet sets the stage for success, perfect for every style of play and ready to level up your game.","","",""
"https://allforpadel.com/en/padel-rackets/7338-adidas-rx-series-light-34-racket-8435739402931.html","https://allforpadel.com/6679-home_default/adidas-rx-series-light-34-racket.jpg","https://allforpadel.com/6676-home_default/adidas-rx-series-light-34-racket.jpg","Padel rackets","adidas RX Series Light 3.4 Racket","AR3CA1U11","€120.00","Lightweight and agile, this racquet is your perfect ally for mastering every aspect of your padel game.","","",""
"https://allforpadel.com/en/padel-rackets/7342-adidas-drive-black-34-racket-8435739402955.html","https://allforpadel.com/6698-home_default/adidas-drive-black-34-racket.jpg","https://allforpadel.com/6699-home_default/adidas-drive-black-34-racket.jpg","Padel rackets","adidas Drive Black 3.4 Racket","AR5CA0U10","€80.00","Everything a beginner needs for a smooth and confident start in padel, perfectly combined in this racquet.","","",""
"https://allforpadel.com/en/padel-rackets/7343-adidas-drive-grey-34-racket-8435739402962.html","https://allforpadel.com/6708-home_default/adidas-drive-grey-34-racket.jpg","https://allforpadel.com/6707-home_default/adidas-drive-grey-34-racket.jpg","Padel rackets","adidas Drive Grey 3.4 Racket","AR5CA1U18","€80.00","Ideal for newcomers, this racquet combines comfort, balance, and easy handling for a smooth start in padel.","","",""
"https://allforpadel.com/en/padel-rackets/7340-adidas-metalbone-youth-34-racket-8435739402818.html","https://allforpadel.com/6784-home_default/adidas-metalbone-youth-34-racket.jpg","https://allforpadel.com/6782-home_default/adidas-metalbone-youth-34-racket.jpg","Padel rackets","adidas Metalbone Youth 3.4 Racket","AR4AA0U22","€115.00","This racquet is designed to be the ideal companion for young players, helping them grow with every match.","","",""
"https://allforpadel.com/en/padel-rackets/7347-adidas-match-blue-34-racket-8435739403006.html","https://allforpadel.com/6737-home_default/adidas-match-blue-34-racket.jpg","https://allforpadel.com/6734-home_default/adidas-match-blue-34-racket.jpg","Padel rackets","adidas Match Blue 3.4 Racket","AR5GA2U12","€75.00","Shape your style with a design that combines powerful shots with precise control.","","",""
"https://allforpadel.com/en/padel-rackets/7346-adidas-match-light-34-racket-8435739403006.html","https://allforpadel.com/6729-home_default/adidas-match-light-34-racket.jpg","https://allforpadel.com/6725-home_default/adidas-match-light-34-racket.jpg","Padel rackets","adidas Match Light 3.4 Racket","AR5GA1U11","€75.00","Designed for smooth handling, this racquet offers lightweight comfort paired with standout features.","","",""
"https://allforpadel.com/en/padel-rackets/7341-adidas-adipower-junior-34-racket-8435739402856.html","https://allforpadel.com/6596-home_default/adidas-adipower-junior-34-racket.jpg","https://allforpadel.com/6595-home_default/adidas-adipower-junior-34-racket.jpg","Padel rackets","adidas Adipower Junior 3.4 Racket","AR4CA0U31","€75.00","Young players will find in this model the perfect tool to progress appropriately in the world of padel.","","",""
"https://allforpadel.com/en/padel-rackets/7191-adidas-metalbone-33-8436548248864.html","https://allforpadel.com/5395-home_default/adidas-metalbone-33.jpg","https://allforpadel.com/6121-home_default/adidas-metalbone-33.jpg","Padel rackets","Adidas Metalbone 3.3 Racket","ADRK1AA0U0016F","€239.40","A racket in which the power reaches exceptional levels for top level players.","adidas","-37%","€380.00"
"https://allforpadel.com/en/padel-rackets/7344-adidas-drive-light-34-racket-8435739402979.html","https://allforpadel.com/6715-home_default/adidas-drive-light-34-racket.jpg","https://allforpadel.com/6714-home_default/adidas-drive-light-34-racket.jpg","Padel rackets","adidas Drive Light 3.4 Racket","AR5CA2U15","€80.00","A lightweight companion that combines comfort and precision for smooth shots on the court.","","",""
"https://allforpadel.com/en/padel-rackets/7345-adidas-match-black-34-racket-8435739402986.html","https://allforpadel.com/6722-home_default/adidas-match-black-34-racket.jpg","https://allforpadel.com/6719-home_default/adidas-match-black-34-racket.jpg","Padel rackets","adidas Match Black 3.4 Racket","AR5GA0U10","€75.00","Refine your game with the perfect blend of control and power in every swing.","","",""
"https://allforpadel.com/en/padel-rackets/7199-adidas-adipower-light-33-mafalda-fernandes-8436548248925.html","https://allforpadel.com/5467-home_default/adidas-adipower-light-33-mafalda-fernandes.jpg","https://allforpadel.com/5464-home_default/adidas-adipower-light-33-mafalda-fernandes.jpg","Padel rackets","Adidas Adipower Light 3.3 Racket - Mafalda Fernandes","ADRK1CA3U0015F","€149.60","A lightweight racket of a different level. Free your arm and achieve perfection.","adidas","-32%","€220.00"
"https://allforpadel.com/en/padel-rackets/7195-adidas-cross-it-8436548249106.html","https://allforpadel.com/5441-home_default/adidas-cross-it.jpg","https://allforpadel.com/5442-home_default/adidas-cross-it.jpg","Padel rackets","Adidas Cross It 3.3 Racket","ADRK1AA4U0063F","€210.00","A new way of understanding padel, a new way of dominating the court. A racket for players who make the difference.","adidas","-40%","€350.00"
"https://allforpadel.com/en/padel-rackets/7201-adidas-cross-it-ctrl-8436548249113.html","https://allforpadel.com/5472-home_default/adidas-cross-it-ctrl.jpg","https://allforpadel.com/6126-home_default/adidas-cross-it-ctrl.jpg","Padel rackets","Adidas Cross It Ctrl 3.3 Racket","ADRK1CA5U0063F","€210.00","A new way of understanding padel, a new way of controlling the court. A racket for players who make the difference from control.","adidas","-40%","€350.00"
"https://allforpadel.com/en/padel-rackets/7200-adidas-metalbone-carbon-ctrl-8436548248949.html","https://allforpadel.com/5432-home_default/adidas-metalbone-carbon-ctrl.jpg","https://allforpadel.com/6128-home_default/adidas-metalbone-carbon-ctrl.jpg","Padel rackets","Adidas Metalbone Carbon Ctrl 3.3 Racket","ADRK1CA4U0034F","€189.80","Precision and power at the highest level. Play the shots you are looking for, whatever they are, with this racket that makes a huge difference.","adidas","-27%","€260.00"
"https://allforpadel.com/en/padel-rackets/7194-adidas-metalbone-carbon-33-8436548248932.html","https://allforpadel.com/5418-home_default/adidas-metalbone-carbon-33.jpg","https://allforpadel.com/5421-home_default/adidas-metalbone-carbon-33.jpg","Padel rackets","Adidas Metalbone Carbon 3.3 Racket","ADRK1AA3U0017F","€189.80","Shine on court with this racket that brings together the best capabilities to bring out your full potential thanks to the most outstanding technologies.","adidas","-27%","€260.00"
"https://allforpadel.com/en/padel-rackets/7193-adidas-adipower-multiweight-33-8436548248895.html","https://allforpadel.com/5411-home_default/adidas-adipower-multiweight-33.jpg","https://allforpadel.com/5408-home_default/adidas-adipower-multiweight-33.jpg","Padel rackets","Adidas Adipower Multiweight 3.3 Racket","ADRK1AA2U0014F","€220.00","Dominate your game with a racket that can do everything and adapts to any situation on the padel court.","adidas","-45%","€400.00"
"https://allforpadel.com/en/padel-rackets/7196-adidas-metalbone-ctrl-33-8436548248871.html","https://allforpadel.com/5448-home_default/adidas-metalbone-ctrl-33.jpg","https://allforpadel.com/6129-home_default/adidas-metalbone-ctrl-33.jpg","Padel rackets","Adidas Metalbone Ctrl 3.3 Racket","ADRK1CA0U0012F","€239.40","A racket designed to reach the highest levels for a controlled style. Technology and handling are at the heart of this racket designed for the best players.","adidas","-37%","€380.00"
"https://allforpadel.com/en/padel-rackets/7207-adidas-rx-series-red-8436548248994.html","https://allforpadel.com/5513-home_default/adidas-rx-series-red.jpg","https://allforpadel.com/5511-home_default/adidas-rx-series-red.jpg","Padel rackets","adidas Rx Series Red 3.3 Racket","ADRK3CA0U0012F","€85.20","The racket with everything you need to improve and bring out your best in every match is right in front of you","adidas","-29%","€120.00"
"https://allforpadel.com/en/padel-rackets/7197-adidas-adipower-multiweight-ctrl-33-alex-ruiz-8436548248901.html","https://allforpadel.com/5455-home_default/adidas-adipower-multiweight-ctrl-33-alex-ruiz.jpg","https://allforpadel.com/6123-home_default/adidas-adipower-multiweight-ctrl-33-alex-ruiz.jpg","Padel rackets","Adidas Adipower Multiweight Ctrl 3.3 Racket  - Álex Ruiz","ADRK1CA1U0017F","€240.00","A racket for legendary players. Everything about it reaches the highest levels of performance.","adidas","-40%","€400.00"
"https://allforpadel.com/en/padel-rackets/7206-adidas-adipower-team-light-33-8436548248987.html","https://allforpadel.com/5505-home_default/adidas-adipower-team-light-33.jpg","https://allforpadel.com/5503-home_default/adidas-adipower-team-light-33.jpg","Padel rackets","Adidas Adipower Team Light 3.3 Racket","ADRK2CA2U0015F","€129.60","A racket for players looking for a lightweight option with the best performance.","adidas","-28%","€180.00"
"https://allforpadel.com/en/padel-rackets/7204-adidas-metalbone-team-light-8436548248963.html","https://allforpadel.com/5498-home_default/adidas-metalbone-team-light.jpg","https://allforpadel.com/5496-home_default/adidas-metalbone-team-light.jpg","Padel rackets","Adidas Metalbone Team Light 3.3 Racket","ADRK2CA0U0012F","€140.00","A lightweight option to fly around the court and always execute the most effective shots.","adidas","-30%","€200.00"
"https://allforpadel.com/en/padel-rackets/7203-adidas-metalbone-team-33-8436548248956.html","https://allforpadel.com/5491-home_default/adidas-metalbone-team-33.jpg","https://allforpadel.com/5489-home_default/adidas-metalbone-team-33.jpg","Padel rackets","Adidas Metalbone Team 3.3 Racket","ADRK2AA0U0016F","€140.00","A racket for all strokes and all styles. Outstanding in both attacking and control play.","adidas","-30%","€200.00"
"https://allforpadel.com/en/padel-rackets/7198-adidas-racket-adipower-ctrl-33-8436548248918.html","https://allforpadel.com/5375-home_default/adidas-racket-adipower-ctrl-33.jpg","https://allforpadel.com/5376-home_default/adidas-racket-adipower-ctrl-33.jpg","Padel rackets","Adidas Adipower Ctrl 3.3 Racket","ADRK1CA2U0017F","€170.80","Discover the racket where control is all-pervasive. Every detail enhances precision play without losing sight of the attacking style.","adidas","-39%","€280.00"
"https://allforpadel.com/en/padel-rackets/7212-adidas-adidas-drive-33-blue-8436548249021.html","https://allforpadel.com/5546-home_default/adidas-adidas-drive-33-blue.jpg","https://allforpadel.com/5542-home_default/adidas-adidas-drive-33-blue.jpg","Padel rackets","Adidas DRIVE 3.3 BLUE Racket","ADRK5CA0U0012F","€56.00","An ideal racket for improving on the court. It combines balance, comfort, easy handling and features to improve in all aspects.","adidas","-30%","€80.00"
"https://allforpadel.com/en/padel-rackets/7216-adidas-adidas-match-33-black-lime-8436548249069.html","https://allforpadel.com/5568-home_default/adidas-adidas-match-33-black-lime.jpg","https://allforpadel.com/5572-home_default/adidas-adidas-match-33-black-lime.jpg","Padel rackets","Adidas Match 3.3 Black/Lime Racket","ADRK5GA1U0010F","€55.50","Master control and power right from the start with this racket made for the balance between both styles.","adidas","-26%","€75.00"
"https://allforpadel.com/en/padel-rackets/7217-adidas-adidas-match-light-33-8436548249076.html","https://allforpadel.com/5576-home_default/adidas-adidas-match-light-33.jpg","https://allforpadel.com/5574-home_default/adidas-adidas-match-light-33.jpg","Padel rackets","Adidas Match Light 3.3 Racket","ADRK5GA2U0012F","€55.50","A racket that combines balance, easy handling, lightness, and the powerful capabilities of the teardrop shape in the same handle.","adidas","-26%","€75.00"
"https://allforpadel.com/en/padel-rackets/7211-adidas-adipower-junior-33-8436548249090.html","https://allforpadel.com/5583-home_default/adidas-adipower-junior-33.jpg","https://allforpadel.com/5582-home_default/adidas-adipower-junior-33.jpg","Padel rackets","Adidas Adipower Junior 3.3 Racket","ADRK4CA0U0217F","€60.00","Taking up padel is a special and significant moment for young players and they should therefore be accompanied by a racket that is specifically made for them. Junior players have their best companion here.","adidas","-25%","€80.00"
"https://allforpadel.com/en/padel-rackets/7210-adidas-metalbone-youth-33-8436548249083.html","https://allforpadel.com/5533-home_default/adidas-metalbone-youth-33.jpg","https://allforpadel.com/5538-home_default/adidas-metalbone-youth-33.jpg","Padel rackets","Adidas Metalbone Youth 3.3 Racket","ADRK4AA0U0116F","€80.50","The youngest players have in this racket the best option to win from the first day and grow match after match.","adidas","-30%","€115.00"
"https://allforpadel.com/en/all-padel-rackets/628-adidas-essnova-ltd-limited-edition-8436548248697.html","https://allforpadel.com/4326-home_default/adidas-essnova-ltd-limited-edition.jpg","https://allforpadel.com/4539-home_default/adidas-essnova-ltd-limited-edition.jpg","All padel rackets","Essnova LTD  Limited edition","RK6CM9U10","€137.50","The Essnova LTD is a unique limited-edition racket that brings together the best technologies. The Essnova range uses the very latest materials to ensure you can bring your best game to the padel court.","adidas Exclusivo","-45%","€250.00"
"https://allforpadel.com/en/padel-rackets/566-adidas-adipower-multiweight-8436548247638.html","https://allforpadel.com/4058-home_default/adidas-adipower-multiweight.jpg","https://allforpadel.com/4059-home_default/adidas-adipower-multiweight.jpg","Padel rackets","Adidas Adipower Multiweight 3.2 Racket","RK1AC0U21","€120.00","The maximum exponent of innovation comes to the Adipower family with the ADIPOWER MULTIWEIGHT. A padel racquet featuring the very best technology.","adidas","-70%","€400.00"
"https://allforpadel.com/en/padel/462-adidas-katmay-ctrl-orange-8436548245818.html","https://allforpadel.com/2520-home_default/adidas-katmay-ctrl-orange.jpg","https://allforpadel.com/2522-home_default/adidas-katmay-ctrl-orange.jpg","Padel","Katmay Ctrl Orange","RK6CJ4U17","€58.48","Keep your game under control with the new KATMAY CTRL, the perfect racquet to increase your performance in any situation. Thanks to the versatility of this racket you will be able to play at your best from the very first moment. With the combination of fiberglass and carbon fiber you will take your game to the next level.","adidas Exclusivo","-55%","€129.95"
"https://allforpadel.com/en/all-padel-rackets/584-adidas-drive-32-8436548247812.html","https://allforpadel.com/4248-home_default/adidas-drive-32.jpg","https://allforpadel.com/4251-home_default/adidas-drive-32.jpg","All padel rackets","Adidas Drive 3.2 Racket","RK5CA0U14","€41.25","Starting is always easier with a racquet like the DRIVE 3.2. It’s designed to make you feel like you’ve been in the game for a long time, even if you’re new.","adidas","-45%","€75.00"
"https://allforpadel.com/en/padel/493-adidas-adipower-greenpadel-8436548246389.html","https://allforpadel.com/2940-home_default/adidas-adipower-greenpadel.jpg","https://allforpadel.com/2941-home_default/adidas-adipower-greenpadel.jpg","Padel","Adidas Adipower Greenpadel 3.1 Racket","RK1CD3U15","€69.00","Winning a padel match is a great source of satisfaction, but winning the battle against climate change will be our greatest triumph.","adidas","-70%","€230.00"
"https://allforpadel.com/en/padel-rackets/7215-adidas-adidas-match-33-black-red-8436548249052.html","https://allforpadel.com/5564-home_default/adidas-adidas-match-33-black-red.jpg","https://allforpadel.com/5562-home_default/adidas-adidas-match-33-black-red.jpg","Padel rackets","Adidas Match 3.3 Black/Red Racket","ADRK5GA0U0012F","€55.50","A racket for players looking to dominate all types of shots and find the differential factor in power","adidas","-26%","€75.00"
"https://allforpadel.com/en/padel-rackets/7277-adipower-ctrl-mtw-pro-edt-2024-alex-ruiz-8435739402658.html","https://allforpadel.com/6507-home_default/adipower-ctrl-mtw-pro-edt-2024-alex-ruiz.jpg","https://allforpadel.com/6534-home_default/adipower-ctrl-mtw-pro-edt-2024-alex-ruiz.jpg","Padel rackets","Adipower CTRL MTW PRO EDT 2024 Alex Ruiz","ADRK1CA7U0012F","€202.50","The new exclusive racket by Álex Ruiz arrives to bring out your best version in every shot, thanks to its wide range of technologies and solid composition.","adidas","-55%","€450.00"