"productCard-itemImages-zxS href","undefined src","badges-item-tAB","productCard-itemName-AYf","price-finalPrice-Kq2 2"
"https://www.head.com/nl_NL/product/elite-ltd-2025-221095","https://cdn-mdb.head.com/CDN3/G/221095/1/683x911/elite-ltd-2025.webp","New","HEAD Elite LTD Padel Racket","280"
"https://www.head.com/nl_NL/product/extreme-pro-2025-223125","https://cdn-mdb.head.com/CDN3/G/223125/1/683x911/extreme-pro-2025.webp","New","HEAD Extreme Pro Padel Racket","280"
"https://www.head.com/nl_NL/product/extreme-motion-2025-223135","https://cdn-mdb.head.com/CDN3/G/223135/1/683x911/extreme-motion-2025.webp","New","HEAD Extreme Motion Padel Racket","240"
"https://www.head.com/nl_NL/product/extreme-team-2025-223145","https://cdn-mdb.head.com/CDN3/G/223145/1/683x911/extreme-team-2025.webp","New","HEAD Extreme Team Padel Racket","200"
"https://www.head.com/nl_NL/product/evo-extreme-2025-226415","https://cdn-mdb.head.com/CDN3/G/226415/1/683x911/evo-extreme-2025.webp","New","HEAD Evo Extreme Padel Racket","90"
"https://www.head.com/nl_NL/product/coello-pro-2025-special-packaging-225045","https://cdn-mdb.head.com/CDN3/G/225045/1/683x911/coello-pro-2025-special-packaging.webp","New","HEAD Coello Pro Padel Racket","350"
"https://www.head.com/nl_NL/product/coello-pro-2025-225015","https://cdn-mdb.head.com/CDN3/G/225015/1/683x911/coello-pro-2025.webp","New","HEAD Coello Pro Padel Racket","350"
"https://www.head.com/nl_NL/product/coello-motion-2025-225025","https://cdn-mdb.head.com/CDN3/G/225025/1/683x911/coello-motion-2025.webp","New","HEAD Coello Motion Padel Racket","350"
"https://www.head.com/nl_NL/product/coello-team-2025-225035","https://cdn-mdb.head.com/CDN3/G/225035/1/683x911/coello-team-2025.webp","New","HEAD Coello Team Padel Racket","220"
"https://www.head.com/nl_NL/product/speed-one-x-2025-221045","https://cdn-mdb.head.com/CDN3/G/221045/1/683x911/speed-one-x-2025.webp","","HEAD Speed One X Padel Racket","300"
"https://www.head.com/nl_NL/product/speed-one-2025-221055","https://cdn-mdb.head.com/CDN3/G/221055/1/683x911/speed-one-2025.webp","","HEAD Speed One Padel Racket","280"
"https://www.head.com/nl_NL/product/speed-pro-2025-221065","https://cdn-mdb.head.com/CDN3/G/221065/1/683x911/speed-pro-2025.webp","","HEAD Speed Pro Padel Racket","280"
"https://www.head.com/nl_NL/product/speed-motion-2025-221075","https://cdn-mdb.head.com/CDN3/G/221075/1/683x911/speed-motion-2025.webp","","HEAD Speed Motion Padel Racket","240"
"https://www.head.com/nl_NL/product/speed-team-2025-221085","https://cdn-mdb.head.com/CDN3/G/221085/1/683x911/speed-team-2025.webp","","HEAD Speed Team Padel Racket","200"
"https://www.head.com/nl_NL/product/gravity-pro-2024-224004","https://cdn-mdb.head.com/CDN3/G/224004/1/683x911/gravity-pro-2024.webp","","HEAD Gravity Pro Padel Racket","240"
"https://www.head.com/nl_NL/product/gravity-motion-2024-224014","https://cdn-mdb.head.com/CDN3/G/224014/1/683x911/gravity-motion-2024.webp","","HEAD Gravity Motion Padel Racket","200"
"https://www.head.com/nl_NL/product/gravity-team-2024-224024","https://cdn-mdb.head.com/CDN3/G/224024/1/683x911/gravity-team-2024.webp","","HEAD Gravity Team Padel Racket","180"
"https://www.head.com/nl_NL/product/gravity-team-light-2024-224064","https://cdn-mdb.head.com/CDN3/G/224064/1/683x911/gravity-team-light-2024.webp","","HEAD Gravity Team Light Padel Racket","150"
"https://www.head.com/nl_NL/product/extreme-one-223043","https://cdn-mdb.head.com/CDN3/G/223043/1/683x911/extreme-one-2023.webp","","HEAD Extreme One Padel Racket","280"
"https://www.head.com/nl_NL/product/radical-pro-222034","https://cdn-mdb.head.com/CDN3/G/222034/1/683x911/radical-pro-2024.webp","Best Seller","HEAD Radical Pro Padel Racket","280"
"https://www.head.com/nl_NL/product/radical-motion-222044","https://cdn-mdb.head.com/CDN3/G/222044/1/683x911/radical-motion-2024.webp","","HEAD Radical Motion Padel Racket","240"
"https://www.head.com/nl_NL/product/radical-elite-222054","https://cdn-mdb.head.com/CDN3/G/222054/1/683x911/radical-elite-2024.webp","","HEAD Radical Elite Padel Racket","200"
"https://www.head.com/nl_NL/product/speed-motion-ltd-221024","https://cdn-mdb.head.com/CDN3/G/221024/1/683x911/speed-motion-ltd-ari-snchez.webp","","HEAD Speed Motion LTD - ARI SÁNCHEZ  Padel Racket","260"
"https://www.head.com/nl_NL/product/extreme-motion-ltd-223024","https://cdn-mdb.head.com/CDN3/G/223024/1/683x911/extreme-motion-ltd-paula-josemara.webp","","HEAD Elite LTD Padel Racket","260"
"https://www.head.com/nl_NL/product/speed-motion-smu-hvh-228053","https://cdn-mdb.head.com/CDN3/G/228053/1/683x911/speed-motion-ah-ltd.webp","","HEAD Speed Motion AH LTD Padel Racket","260"
"https://www.head.com/nl_NL/product/one-ultralight-black-225024","https://cdn-mdb.head.com/CDN3/G/225024/1/683x911/one-ultralight-black.webp","","HEAD One Ultralight Padel Racket","200"
"https://www.head.com/nl_NL/product/one-ultralight-white-225014","https://cdn-mdb.head.com/CDN3/G/225014/1/683x911/one-ultralight-white.webp","","HEAD One Ultralight Padel Racket","200"
"https://www.head.com/nl_NL/product/coello-vibe-2025-226155","https://cdn-mdb.head.com/CDN3/G/226155/1/683x911/coello-vibe-2025.webp","New","HEAD Coello Vibe Padel Racket","140"
"https://www.head.com/nl_NL/product/vibe-2025-bl-rd-226135-cp","https://cdn-mdb.head.com/CDN3/G/226135/1/683x911/vibe-2025-bl-rd.webp","New","HEAD Vibe Padel Racket","100"
"https://www.head.com/nl_NL/product/bolt-2025-tl-bk-226225-cp","https://cdn-mdb.head.com/CDN3/G/226225/1/683x911/bolt-2025-tl-bk.webp","New","HEAD Bolt Padel Racket","100"
"https://www.head.com/nl_NL/product/evo-speed-2025-226405","https://cdn-mdb.head.com/CDN3/G/226405/1/683x911/evo-speed-2025.webp","","HEAD Evo Speed Padel Racket","90"
"https://www.head.com/nl_NL/product/coello-junior-2025-226725","https://cdn-mdb.head.com/CDN3/G/226725/1/683x911/coello-junior-2025.webp","","HEAD Coello Junior Padel racket","100"
"https://www.head.com/nl_NL/product/speed-junior-2025-226715","https://cdn-mdb.head.com/CDN3/G/226715/1/683x911/speed-junior-2025.webp","","HEAD Speed Junior Padel racket","100"
"https://www.head.com/nl_NL/product/monster-kids-2022-226724","https://cdn-mdb.head.com/CDN3/G/226724/1/683x911/monster-kids-2024.webp","","HEAD Monster Kids Padel Racket","75"