"product-link href","comingSoonBadge2","inline-image__image src","comingSoonBadge2 2","background-image__image src","background-image__image src 2","image-page-button href","quick-action-button href","product-block__title","money","product-label","money 2","money 3","product-label 2"
"https://noxsport.com/en/collections/all-the-rackets-nox/products/pala-at10-genius-18k-alum-2026-by-agustin-tapia","Pre-compra / Pre-order","https://noxsport.com/cdn/shop/files/at10-luxury-genius-18k-alum-2026-by-agustin-tapia-pat10genius1826-8435778902621-2175122.png?v=1758604499&width=1200","Pre-compra / Pre-order","https://noxsport.com/cdn/shop/files/at10-luxury-genius-18k-alum-2026-by-agustin-tapia-pat10genius1826-8435778902621-1209547.png?v=1758604499","https://noxsport.com/cdn/shop/files/at10-luxury-genius-18k-alum-2026-by-agustin-tapia-pat10genius1826-8435778902621-7600067.jpg?v=1758604499","https://noxsport.com/en/collections/all-the-rackets-nox#","https://noxsport.com/en/collections/all-the-rackets-nox/products/pala-at10-genius-18k-alum-2026-by-agustin-tapia","AT10 Luxury Genius 18K Alum 2026 by Agustín Tapia","389,99 €","","","",""
"https://noxsport.com/en/collections/all-the-rackets-nox/products/pala-at10-genius-attack-12k-alum-xtrem-2026-by-agustin-tapia","Pre-compra / Pre-order","https://noxsport.com/cdn/shop/files/at10-luxury-genius-attack-12k-alum-xtrem-2026-by-agustin-tapia-pat10geniusat1226-8435778902669-3810595.png?v=1758604503&width=1200","Pre-compra / Pre-order","https://noxsport.com/cdn/shop/files/at10-luxury-genius-attack-12k-alum-xtrem-2026-by-agustin-tapia-pat10geniusat1226-8435778902669-9387021.png?v=1758604502","https://noxsport.com/cdn/shop/files/at10-luxury-genius-attack-12k-alum-xtrem-2026-by-agustin-tapia-pat10geniusat1226-8435778902669-1457591.jpg?v=1758604501","https://noxsport.com/en/collections/all-the-rackets-nox#","https://noxsport.com/en/collections/all-the-rackets-nox/products/pala-at10-genius-attack-12k-alum-xtrem-2026-by-agustin-tapia","AT10 Luxury Genius Attack 12K Alum XTREM 2026 by Agustín Tapia","359,99 €","","","",""
"https://noxsport.com/en/collections/all-the-rackets-nox/products/pala-at10-genius-attack-18k-alum-2026-by-agustin-tapia","Pre-compra / Pre-order","https://noxsport.com/cdn/shop/files/at10-luxury-genius-attack-18k-alum-2026-by-agustin-tapia-pat10geniusat1826-8435778902638-4015240.png?v=1758604501&width=1200","Pre-compra / Pre-order","https://noxsport.com/cdn/shop/files/at10-luxury-genius-attack-18k-alum-2026-by-agustin-tapia-pat10geniusat1826-8435778902638-7258691.png?v=1758604503","https://noxsport.com/cdn/shop/files/at10-luxury-genius-attack-18k-alum-2026-by-agustin-tapia-pat10geniusat1826-8435778902638-7579475.png?v=1758604504","https://noxsport.com/en/collections/all-the-rackets-nox#","https://noxsport.com/en/collections/all-the-rackets-nox/products/pala-at10-genius-attack-18k-alum-2026-by-agustin-tapia","AT10 Luxury Genius ATTACK 18K Alum 2026 by Agustín Tapia","359,99 €","","","",""
"https://noxsport.com/en/collections/all-the-rackets-nox/products/pala-at10-genius-12k-alum-xtrem-2026-by-agustin-tapia","Pre-compra / Pre-order","https://noxsport.com/cdn/shop/files/at10-luxury-genius-12k-alum-xtrem-2026-by-agustin-tapia-pat10genius1226-8435778902645-9466941.png?v=1758604499&width=1200","Pre-compra / Pre-order","https://noxsport.com/cdn/shop/files/at10-luxury-genius-12k-alum-xtrem-2026-by-agustin-tapia-pat10genius1226-8435778902645-3128828.png?v=1758604499","https://noxsport.com/cdn/shop/files/at10-luxury-genius-12k-alum-xtrem-2026-by-agustin-tapia-pat10genius1226-8435778902645-3046923.jpg?v=1758604498","https://noxsport.com/en/collections/all-the-rackets-nox#","https://noxsport.com/en/collections/all-the-rackets-nox/products/pala-at10-genius-12k-alum-xtrem-2026-by-agustin-tapia","AT10 Luxury Genius 12K Alum XTREM 2026 by Agustín Tapia","389,99 €","","","",""
"https://noxsport.com/en/collections/all-the-rackets-nox/products/pala-at10-genius-12k-alum-xtrem-lite-2026-by-agustin-tapia","Pre-compra / Pre-order","https://noxsport.com/cdn/shop/files/at10-luxury-genius-12k-alum-xtrem-lite-2026-by-agustin-tapia-pat10genius12li26-8435778902652-8162701.png?v=1758604498&width=1200","Pre-compra / Pre-order","https://noxsport.com/cdn/shop/files/at10-luxury-genius-12k-alum-xtrem-lite-2026-by-agustin-tapia-pat10genius12li26-8435778902652-3609485.png?v=1758604499","https://noxsport.com/cdn/shop/files/at10-luxury-genius-12k-alum-xtrem-lite-2026-by-agustin-tapia-pat10genius12li26-8435778902652-1043353.png?v=1758604499","https://noxsport.com/en/collections/all-the-rackets-nox#","https://noxsport.com/en/collections/all-the-rackets-nox/products/pala-at10-genius-12k-alum-xtrem-lite-2026-by-agustin-tapia","AT10 Luxury Genius 12K Alum XTREM Lite 2026 by Agustín Tapia","339,99 €","","","",""
"https://noxsport.com/en/collections/all-the-rackets-nox/products/ea10-ventus-hybrid-12k-xtrem-by-edu-alonso","Pre-compra / Pre-order","https://noxsport.com/cdn/shop/files/ea10-ventus-hybrid-12k-xtrem-by-edu-alonso-pea10ventush1226-8435778902676-9207640.png?v=1758604496&width=1200","Pre-compra / Pre-order","https://noxsport.com/cdn/shop/files/ea10-ventus-hybrid-12k-xtrem-by-edu-alonso-pea10ventush1226-8435778902676-1257440.png?v=1758604495","https://noxsport.com/cdn/shop/files/ea10-ventus-hybrid-12k-xtrem-by-edu-alonso-pea10ventush1226-8435778902676-8017344.jpg?v=1758604494","https://noxsport.com/en/collections/all-the-rackets-nox#","https://noxsport.com/en/collections/all-the-rackets-nox/products/ea10-ventus-hybrid-12k-xtrem-by-edu-alonso","EA10 Ventus Hybrid 12K XTREM by Edu Alonso","339,99 €","","","",""
"https://noxsport.com/en/collections/all-the-rackets-nox/products/ea10-ventus-attack-12k-xtrem-by-edu-alonso","Pre-compra / Pre-order","https://noxsport.com/cdn/shop/files/ea10-ventus-attack-12k-xtrem-by-edu-alonso-pea10ventusa1226-8435778902683-7841159.png?v=1758604500&width=1200","Pre-compra / Pre-order","https://noxsport.com/cdn/shop/files/ea10-ventus-attack-12k-xtrem-by-edu-alonso-pea10ventusa1226-8435778902683-4794004.png?v=1758604501","https://noxsport.com/cdn/shop/files/ea10-ventus-attack-12k-xtrem-by-edu-alonso-pea10ventusa1226-8435778902683-9360115.jpg?v=1758604498","https://noxsport.com/en/collections/all-the-rackets-nox#","https://noxsport.com/en/collections/all-the-rackets-nox/products/ea10-ventus-attack-12k-xtrem-by-edu-alonso","EA10 Ventus Attack 12K XTREM by Edu Alonso","339,99 €","","","",""
"https://noxsport.com/en/collections/all-the-rackets-nox/products/pala-ml10-ventus-3k-by-miguel-lamperti","Pre-compra / Pre-order","https://noxsport.com/cdn/shop/files/ml10-ventus-control-3k-by-miguel-lamperti-pml10ventus326-8435778902690-1107820.png?v=1758604428&width=1200","Pre-compra / Pre-order","https://noxsport.com/cdn/shop/files/ml10-ventus-control-3k-by-miguel-lamperti-pml10ventus326-8435778902690-4754511.png?v=1758604427","https://noxsport.com/cdn/shop/files/ml10-ventus-control-3k-by-miguel-lamperti-pml10ventus326-8435778902690-1024076.jpg?v=1758604426","https://noxsport.com/en/collections/all-the-rackets-nox#","https://noxsport.com/en/collections/all-the-rackets-nox/products/pala-ml10-ventus-3k-by-miguel-lamperti","ML10 Ventus Control 3K by Miguel Lamperti","339,99 €","","","",""
"https://noxsport.com/en/collections/all-the-rackets-nox/products/pala-vk10-ventus-12k-by-aranzazu-osoro","Pre-compra / Pre-order","https://noxsport.com/cdn/shop/files/vk10-ventus-control-12k-by-aranzazu-osoro-pvk10ventus1226-8435778902706-3301494.png?v=1758604494&width=1200","Pre-compra / Pre-order","https://noxsport.com/cdn/shop/files/vk10-ventus-control-12k-by-aranzazu-osoro-pvk10ventus1226-8435778902706-5134323.png?v=1758604496","https://noxsport.com/cdn/shop/files/vk10-ventus-control-12k-by-aranzazu-osoro-pvk10ventus1226-8435778902706-6263742.jpg?v=1758604494","https://noxsport.com/en/collections/all-the-rackets-nox#","https://noxsport.com/en/collections/all-the-rackets-nox/products/pala-vk10-ventus-12k-by-aranzazu-osoro","VK10 Ventus Control 12K by Aranzazu Osoro","299,99 €","","","",""
"https://noxsport.com/en/collections/all-the-rackets-nox/products/pala-ventus-12k-hybrid-lite","Pre-compra / Pre-order","https://noxsport.com/cdn/shop/files/ventus-hybrid-12k-lite-pventus12hl-8435778902713-2355266.png?v=1758604496&width=1200","Pre-compra / Pre-order","https://noxsport.com/cdn/shop/files/ventus-hybrid-12k-lite-pventus12hl-8435778902713-1990314.png?v=1758643605","https://noxsport.com/cdn/shop/files/ventus-hybrid-12k-lite-pventus12hl-8435778902713-5610049.png?v=1758643605","https://noxsport.com/en/collections/all-the-rackets-nox#","https://noxsport.com/en/collections/all-the-rackets-nox/products/pala-ventus-12k-hybrid-lite","Ventus Hybrid 12K Lite","299,99 €","","","",""
"https://noxsport.com/en/collections/all-the-rackets-nox/products/pala-at10-pro-cup-soft-2026-by-agustin-tapia","Pre-compra / Pre-order","https://noxsport.com/cdn/shop/files/at10-pro-cup-soft-by-agustin-tapia-pat10pcs26-8435778902737-6543429.png?v=1758604503&width=1200","Pre-compra / Pre-order","https://noxsport.com/cdn/shop/files/at10-pro-cup-soft-by-agustin-tapia-pat10pcs26-8435778902737-3276409.png?v=1758604501","https://noxsport.com/cdn/shop/files/at10-pro-cup-soft-by-agustin-tapia-pat10pcs26-8435778902737-9072311.png?v=1758604504","https://noxsport.com/en/collections/all-the-rackets-nox#","https://noxsport.com/en/collections/all-the-rackets-nox/products/pala-at10-pro-cup-soft-2026-by-agustin-tapia","AT10 Pro Cup SOFT by Agustín Tapia","199,99 €","","","",""
"https://noxsport.com/en/collections/all-the-rackets-nox/products/pala-at10-pro-cup-hard-2026-by-agustin-tapia","Pre-compra / Pre-order","https://noxsport.com/cdn/shop/files/at10-pro-cup-hard-by-agustin-tapia-pat10pch26-8435778902720-1069065.png?v=1758604423&width=1200","Pre-compra / Pre-order","https://noxsport.com/cdn/shop/files/at10-pro-cup-hard-by-agustin-tapia-pat10pch26-8435778902720-5334166.png?v=1758604424","https://noxsport.com/cdn/shop/files/at10-pro-cup-hard-by-agustin-tapia-pat10pch26-8435778902720-4687343.png?v=1758604424","https://noxsport.com/en/collections/all-the-rackets-nox#","https://noxsport.com/en/collections/all-the-rackets-nox/products/pala-at10-pro-cup-hard-2026-by-agustin-tapia","AT10 Pro Cup HARD by Agustín Tapia","199,99 €","","","",""
"https://noxsport.com/en/collections/all-the-rackets-nox/products/pala-equation-hard-advanced","Pre-compra / Pre-order","https://noxsport.com/cdn/shop/files/equation-hard-advanced-pequhadv26-8435778902744-8319485.png?v=1758604423&width=1200","Pre-compra / Pre-order","https://noxsport.com/cdn/shop/files/equation-hard-advanced-pequhadv26-8435778902744-9707177.png?v=1758604425","https://noxsport.com/cdn/shop/files/equation-hard-advanced-pequhadv26-8435778902744-4533257.png?v=1758604424","https://noxsport.com/en/collections/all-the-rackets-nox#","https://noxsport.com/en/collections/all-the-rackets-nox/products/pala-equation-hard-advanced","Equation HARD Advanced","124,99 €","","","",""
"https://noxsport.com/en/collections/all-the-rackets-nox/products/pala-equation-soft-advanced","Pre-compra / Pre-order","https://noxsport.com/cdn/shop/files/equation-soft-advanced-pequsadv26-8435778902751-4653383.png?v=1758604424&width=1200","Pre-compra / Pre-order","https://noxsport.com/cdn/shop/files/equation-soft-advanced-pequsadv26-8435778902751-1820621.png?v=1758604424","https://noxsport.com/cdn/shop/files/equation-soft-advanced-pequsadv26-8435778902751-7634799.png?v=1758604423","https://noxsport.com/en/collections/all-the-rackets-nox#","https://noxsport.com/en/collections/all-the-rackets-nox/products/pala-equation-soft-advanced","Equation SOFT Advanced","124,99 €","","","",""
"https://noxsport.com/en/collections/all-the-rackets-nox/products/pala-x-zero-red","Pre-compra / Pre-order","https://noxsport.com/cdn/shop/files/x-zero-red-pxzerore-8435778902799-8877501.png?v=1758604401&width=1200","Pre-compra / Pre-order","https://noxsport.com/cdn/shop/files/x-zero-red-pxzerore-8435778902799-3465697.png?v=1758604402","https://noxsport.com/cdn/shop/files/x-zero-red-pxzerore-8435778902799-2421066.png?v=1758604402","https://noxsport.com/en/collections/all-the-rackets-nox#","https://noxsport.com/en/collections/all-the-rackets-nox/products/pala-x-zero-red","X-Zero Red","64,99 €","","","",""
"https://noxsport.com/en/collections/all-the-rackets-nox/products/pala-x-zero-blue","Pre-compra / Pre-order","https://noxsport.com/cdn/shop/files/x-zero-blue-pxzerobl-8435778902805-5921584.png?v=1758604400&width=1200","","","","https://noxsport.com/en/collections/all-the-rackets-nox#","https://noxsport.com/en/collections/all-the-rackets-nox/products/pala-x-zero-blue","X-Zero Blue","64,99 €","","","",""
"https://noxsport.com/en/collections/all-the-rackets-nox/products/pala-x-hero-white","Pre-compra / Pre-order","https://noxsport.com/cdn/shop/files/x-hero-white-pxherowh-8435778902768-3752679.png?v=1758604401&width=1200","","","","https://noxsport.com/en/collections/all-the-rackets-nox#","https://noxsport.com/en/collections/all-the-rackets-nox/products/pala-x-hero-white","X-Hero White","64,99 €","","","",""
"https://noxsport.com/en/collections/all-the-rackets-nox/products/pala-x-hero-red","Pre-compra / Pre-order","https://noxsport.com/cdn/shop/files/x-hero-red-pxherore-8435778902775-2574089.png?v=1758604402&width=1200","","","","https://noxsport.com/en/collections/all-the-rackets-nox#","https://noxsport.com/en/collections/all-the-rackets-nox/products/pala-x-hero-red","X-Hero Red","64,99 €","","","",""
"https://noxsport.com/en/collections/all-the-rackets-nox/products/pala-x-hero-blue","Pre-compra / Pre-order","https://noxsport.com/cdn/shop/files/x-hero-blue-pxherobl-8435778902782-7907333.png?v=1758604401&width=1200","","","","https://noxsport.com/en/collections/all-the-rackets-nox#","https://noxsport.com/en/collections/all-the-rackets-nox/products/pala-x-hero-blue","X-Hero Blue","64,99 €","","","",""
"https://noxsport.com/en/collections/all-the-rackets-nox/products/racket-at10-genius-18k-alum-by-agustin-tapia","","https://noxsport.com/cdn/shop/files/at10-luxury-genius-18k-alum-2025-by-agustin-tapia-pat10genius1825-8436603199919-640598.jpg?v=1727176170&width=2000","","","","https://noxsport.com/en/collections/all-the-rackets-nox#","https://noxsport.com/en/collections/all-the-rackets-nox/products/racket-at10-genius-18k-alum-by-agustin-tapia","AT10 Luxury GENIUS 18K Alum 2025 by Agustín Tapia","130,99 €","off","229,00 €","359,99 €",""
"https://noxsport.com/en/collections/all-the-rackets-nox/products/racket-at10-genius-12k-by-agustin-tapia","","https://noxsport.com/cdn/shop/files/at10-luxury-genius-12k-2025-por-agustin-tapia-pat10genius25-8436603199940-853509.jpg?v=1727176172&width=2000","","","","https://noxsport.com/en/collections/all-the-rackets-nox#","https://noxsport.com/en/collections/all-the-rackets-nox/products/racket-at10-genius-12k-by-agustin-tapia","AT10 Luxury GENIUS 12K 2025 by Agustin Tapia","140,00 €","off","199,99 €","339,99 €",""
"https://noxsport.com/en/collections/all-the-rackets-nox/products/racket-at10-genius-attack-12k-by-agustin-tapia","","https://noxsport.com/cdn/shop/files/at10-luxury-genius-attack-12k-alum-2025-por-agustin-tapia-pat10geniusat25-8436603199933-435119.jpg?v=1727176174&width=2000","","","","https://noxsport.com/en/collections/all-the-rackets-nox#","https://noxsport.com/en/collections/all-the-rackets-nox/products/racket-at10-genius-attack-12k-by-agustin-tapia","AT10 Luxury GENIUS ATTACK 12K 2025 by Agustin Tapia","160,00 €","off","179,99 €","339,99 €",""
"https://noxsport.com/en/collections/all-the-rackets-nox/products/racket-at10-genius-attack-18k-alum-by-agustin-tapia","","https://noxsport.com/cdn/shop/files/at10-luxury-genius-attack-18k-alum-2025-por-agustin-tapia-pat10geniusat1825-8436603199926-779026.jpg?v=1727176169&width=2000","","","","https://noxsport.com/en/collections/all-the-rackets-nox#","","AT10 Luxury GENIUS GENIUS ATTACK 18K Alum 2025 by Agustin Tapia","140,00 €","off","199,99 €","339,99 €","Sold Out"
"https://noxsport.com/en/collections/all-the-rackets-nox/products/pack-at-genius-dubai-edicion-limitada","","https://noxsport.com/cdn/shop/files/pack-at10-luxury-genius-12k-dubai-exclusive-edition-packpatltdea-8435778900542-391924.png?v=1747805403&width=1200","","","","https://noxsport.com/en/collections/all-the-rackets-nox#","https://noxsport.com/en/collections/all-the-rackets-nox/products/pack-at-genius-dubai-edicion-limitada","AT10 Genius Dubai Limited Edition Pack","479,95 €","","","","3 in stock"
"https://noxsport.com/en/collections/all-the-rackets-nox/products/pack-at10-genius-buenos-aires-edicion-limitada","","https://noxsport.com/cdn/shop/files/at10-luxury-genius-18k-alum-buenos-aires-limited-edition-packpatorbap1-8435778902317-736233.png?v=1747126003&width=1200","","","","https://noxsport.com/en/collections/all-the-rackets-nox#","https://noxsport.com/en/collections/all-the-rackets-nox/products/pack-at10-genius-buenos-aires-edicion-limitada","AT10 Luxury Genius 18K Alum Buenos Aires Limited Edition","399,95 €","","","","5 in stock"
"https://noxsport.com/en/collections/all-the-rackets-nox/products/at10-genius-paraguay-edicion-limitada","","https://noxsport.com/cdn/shop/files/at10-genius-paraguay-edicion-limitada-packpatorpp2-733926.png?v=1746467637&width=1200","","","","https://noxsport.com/en/collections/all-the-rackets-nox#","https://noxsport.com/en/collections/all-the-rackets-nox/products/at10-genius-paraguay-edicion-limitada","AT10 Genius Paraguay Limited Edition","399,95 €","","","",""
"https://noxsport.com/en/collections/all-the-rackets-nox/products/pala-uspa-ml10-pro-cup","","https://noxsport.com/cdn/shop/files/pro-cup-uspa-exclusive-edition-pexuspabi-8435778900771-169198.png?v=1742390363&width=1200","","","","https://noxsport.com/en/collections/all-the-rackets-nox#","https://noxsport.com/en/collections/all-the-rackets-nox/products/pala-uspa-ml10-pro-cup","Pro Cup USPA Exclusive Edition","199,99 €","","","",""
"https://noxsport.com/en/collections/all-the-rackets-nox/products/pala-uspa-attack-12k","","https://noxsport.com/cdn/shop/files/attack-uspa-12k-exclusive-edition-pexuspa12bi-8435778900719-446579.png?v=1742390354&width=1200","","","","https://noxsport.com/en/collections/all-the-rackets-nox#","https://noxsport.com/en/collections/all-the-rackets-nox/products/pala-uspa-attack-12k","Attack USPA 12K Exclusive Edition","339,99 €","","","",""
"https://noxsport.com/en/collections/all-the-rackets-nox/products/racket-future-attack-12k-alum","","https://noxsport.com/cdn/shop/files/future-attack-12k-alum-pfutatt25-8435778900689-156979.png?v=1739867769&width=1200","","","","https://noxsport.com/en/collections/all-the-rackets-nox#","https://noxsport.com/en/collections/all-the-rackets-nox/products/racket-future-attack-12k-alum","Future Attack 12K Alum","269,99 €","New in","","",""
"https://noxsport.com/en/collections/all-the-rackets-nox/products/racket-future-control-12k-alum","","https://noxsport.com/cdn/shop/files/future-control-12k-alum-pfutcon25-8435778900702-226169.png?v=1739867776&width=1200","","","","https://noxsport.com/en/collections/all-the-rackets-nox#","https://noxsport.com/en/collections/all-the-rackets-nox/products/racket-future-control-12k-alum","Future Control 12K Alum","269,99 €","New in","","","4 in stock"
"https://noxsport.com/en/collections/all-the-rackets-nox/products/racket-future-hybrid-12k-alum","","https://noxsport.com/cdn/shop/files/future-hybrid-12k-alum-pfuthyb25-8435778900696-283447.png?v=1739867777&width=1200","","","","https://noxsport.com/en/collections/all-the-rackets-nox#","https://noxsport.com/en/collections/all-the-rackets-nox/products/racket-future-hybrid-12k-alum","Future Hybrid 12K Alum","269,99 €","New in","","","5 in stock"
"https://noxsport.com/en/collections/all-the-rackets-nox/products/racket-quantum-12k-cobalt","","https://noxsport.com/cdn/shop/files/quantum-12k-cobalt-pluxqcob25-8435778901068-411765.png?v=1746785567&width=1200","","","","https://noxsport.com/en/collections/all-the-rackets-nox#","https://noxsport.com/en/collections/all-the-rackets-nox/products/racket-quantum-12k-cobalt","Quantum 12K Cobalt","160,00 €","off","179,99 €","339,99 €",""
"https://noxsport.com/en/collections/all-the-rackets-nox/products/racket-quantum-12k-carbon","","https://noxsport.com/cdn/shop/files/quantum-12k-carbon-pluxqcar25-8435778901051-412788.png?v=1746785592&width=1200","","","","https://noxsport.com/en/collections/all-the-rackets-nox#","https://noxsport.com/en/collections/all-the-rackets-nox/products/racket-quantum-12k-carbon","Quantum 12K Carbon","160,00 €","off","179,99 €","339,99 €",""
"https://noxsport.com/en/collections/all-the-rackets-nox/products/pala-at10-genius-jr-by-agustin-tapia","","https://noxsport.com/cdn/shop/files/at10-genius-jr-by-agustin-tapia-pat10jr25-8435778900641-981079.png?v=1739867772&width=1200","","","","https://noxsport.com/en/collections/all-the-rackets-nox#","https://noxsport.com/en/collections/all-the-rackets-nox/products/pala-at10-genius-jr-by-agustin-tapia","AT10 GENIUS JR by Agustín Tapia","15,04 €","off","64,95 €","79,99 €","7 in stock"
"https://noxsport.com/en/collections/all-the-rackets-nox/products/pala-at10-genius-ultralight-by-agustin-tapia","","https://noxsport.com/cdn/shop/files/at10-genius-ultra-light-by-agustin-tapia-patultlig25-8435778900634-228103.png?v=1746840553&width=1200","","","","https://noxsport.com/en/collections/all-the-rackets-nox#","https://noxsport.com/en/collections/all-the-rackets-nox/products/pala-at10-genius-ultralight-by-agustin-tapia","AT10 Genius Ultra Light by Agustín Tapia","15,04 €","off","64,95 €","79,99 €",""
"https://noxsport.com/en/collections/all-the-rackets-nox/products/padel-racket-x-one","","https://noxsport.com/cdn/shop/files/pala-x-one-pxone25-8435778900627-627426.jpg?v=1739034199&width=1200","","","","https://noxsport.com/en/collections/all-the-rackets-nox#","","X-ONE 2025","15,04 €","off","64,95 €","79,99 €","Sold Out"
"https://noxsport.com/en/collections/all-the-rackets-nox/products/racket-x-one-silhouette","","https://noxsport.com/cdn/shop/files/pala-x-one-silhouette-psilhouet25-8435778900610-573630.jpg?v=1739034199&width=1200","","","","https://noxsport.com/en/collections/all-the-rackets-nox#","https://noxsport.com/en/collections/all-the-rackets-nox/products/racket-x-one-silhouette","X-ONE SILHOUETTE","15,05 €","off","64,94 €","79,99 €","3 in stock"
"https://noxsport.com/en/collections/all-the-rackets-nox/products/racket-equation-light-w-advanced-series","","https://noxsport.com/cdn/shop/files/equation-light-w-advanced-2025-pequliadv25-8436603199988-485116.jpg?v=1727176157&width=2000","","","","https://noxsport.com/en/collections/all-the-rackets-nox#","","EQUATION Light W Advanced 2025","20,00 €","off","99,99 €","119,99 €","Sold Out"
"https://noxsport.com/en/collections/all-the-rackets-nox/products/racket-ml10-pro-cup-silver-by-miguel-lamperti","","https://noxsport.com/cdn/shop/files/pala-ml10-pro-cup-silver-by-miguel-lamperti-pml10prcusil25-8435778900580-786862.jpg?v=1733338491&width=1200","","","","https://noxsport.com/en/collections/all-the-rackets-nox#","https://noxsport.com/en/collections/all-the-rackets-nox/products/racket-ml10-pro-cup-silver-by-miguel-lamperti","ML10 PRO CUP SILVER. Miguel Lamperti's racket","25,00 €","off","124,99 €","149,99 €",""
"https://noxsport.com/en/collections/all-the-rackets-nox/products/racket-ml10-pro-cup-coorp-by-miguel-lamperti","","https://noxsport.com/cdn/shop/files/pala-ml10-pro-cup-coorp-by-miguel-lamperti-pml10pcoor25-8435778900566-416363.jpg?v=1733338490&width=1200","","","","https://noxsport.com/en/collections/all-the-rackets-nox#","https://noxsport.com/en/collections/all-the-rackets-nox/products/racket-ml10-pro-cup-coorp-by-miguel-lamperti","ML10 PRO CUP COORP. Miguel Lamperti's Racket","25,00 €","off","124,99 €","149,99 €",""
"https://noxsport.com/en/collections/all-the-rackets-nox/products/racket-ml10-pro-cup-rough-surface-edition-by-miguel-lamperti","","https://noxsport.com/cdn/shop/files/pala-ml10-pro-cup-rough-surface-edition-by-miguel-lamperti-pml10rough25-8435778900573-713253.jpg?v=1733338491&width=1200","","","","https://noxsport.com/en/collections/all-the-rackets-nox?page=2#","https://noxsport.com/en/collections/all-the-rackets-nox/products/racket-ml10-pro-cup-rough-surface-edition-by-miguel-lamperti","ML10 PRO CUP ROUGH SURFACE EDITION. Miguel Lamperti's racket","25,00 €","off","124,99 €","149,99 €",""
"https://noxsport.com/en/collections/all-the-rackets-nox/products/racket-at10-pro-cup-hard-by-agustin-tapia","","https://noxsport.com/cdn/shop/files/at10-pro-cup-hard-por-agustin-tapia-pat10pch25-8436603199896-427836.jpg?v=1727176104&width=2000","","","","https://noxsport.com/en/collections/all-the-rackets-nox?page=2#","https://noxsport.com/en/collections/all-the-rackets-nox/products/racket-at10-pro-cup-hard-by-agustin-tapia","AT10 Pro Cup HARD by Agustin Tapia","29,04 €","off","145,95 €","174,99 €",""
"https://noxsport.com/en/collections/all-the-rackets-nox/products/racket-nextgen-pro-hybrid-3k-nfa-series","","https://noxsport.com/cdn/shop/files/nextgen-pro-hybrid-3k-pnfanghyb-8435778900603-968018.png?v=1739619135&width=1200","","","","https://noxsport.com/en/collections/all-the-rackets-nox?page=2#","https://noxsport.com/en/collections/all-the-rackets-nox/products/racket-nextgen-pro-hybrid-3k-nfa-series","NextGen Pro Hybrid 3K","75,00 €","off","124,99 €","199,99 €","New in"
"https://noxsport.com/en/collections/all-the-rackets-nox/products/racket-nextgen-pro-attack-3k-nfa-series","","https://noxsport.com/cdn/shop/files/nextgen-pro-attack-3k-pnfangatt-8435778900597-570251.png?v=1739619138&width=1200","","","","https://noxsport.com/en/collections/all-the-rackets-nox?page=2#","https://noxsport.com/en/collections/all-the-rackets-nox/products/racket-nextgen-pro-attack-3k-nfa-series","NextGen Pro Attack 3K","75,00 €","off","124,99 €","199,99 €","New in"
"https://noxsport.com/en/collections/all-the-rackets-nox/products/racket-vk10-quantum-3k-by-aranzazu-osoro","","https://noxsport.com/cdn/shop/files/vk10-quantum-3k-la-pala-de-aranzazu-osoro-pvk10luxq25-8435778900481-502589.jpg?v=1727176227&width=2000","","","","https://noxsport.com/en/collections/all-the-rackets-nox?page=2#","https://noxsport.com/en/collections/all-the-rackets-nox/products/racket-vk10-quantum-3k-by-aranzazu-osoro","VK10 QUANTUM 3K. Aranzazu Osoro's padel racket","160,00 €","off","179,99 €","339,99 €",""
"https://noxsport.com/en/collections/all-the-rackets-nox/products/racket-ml10-quantum-3k-by-miguel-lamperti","","https://noxsport.com/cdn/shop/files/ml10-quantum-3k-la-pala-de-miguel-lamperti-pml10luxq25-8436603199957-344951.png?v=1749703965&width=1200","","https://noxsport.com/cdn/shop/files/ml10-quantum-3k-la-pala-de-miguel-lamperti-pml10luxq25-8436603199957-111646.jpg?v=1749643350","","https://noxsport.com/en/collections/all-the-rackets-nox?page=2#","","ML10 QUANTUM 3K. Miguel Lamperti's padel racket","160,00 €","off","179,99 €","339,99 €","Sold Out"
"https://noxsport.com/en/collections/all-the-rackets-nox/products/pack-at-genius-limited-edition","","https://noxsport.com/cdn/shop/files/pack-at-genius-ltd-2025-agustin-tapia-limited-edition-packpatltd25-8435778900320-197481.jpg?v=1733338507&width=1200","","https://noxsport.com/cdn/shop/files/pack-at-genius-ltd-2025-agustin-tapia-limited-edition-packpatltd25-8435778900320-609681.jpg?v=1733338507","","https://noxsport.com/en/collections/all-the-rackets-nox?page=2#","","Pack AT10 Genius LTD 2025 - Agustin Tapia LIMITED EDITION","75,00 €","off","374,99 €","449,99 €","Sold Out"
"https://noxsport.com/en/collections/all-the-rackets-nox/products/pala-at10-luxury-gold-l5-nox","","https://noxsport.com/cdn/shop/files/at10-luxury-gold-l5-la-pala-de-agustin-tapia-pexat10luxl5-8436603199834-588714.jpg?v=1722456082&width=2000","","https://noxsport.com/cdn/shop/files/at10-luxury-gold-l5-la-pala-de-agustin-tapia-pexat10luxl5-8436603199834-309952.jpg?v=1722456082","","https://noxsport.com/en/collections/all-the-rackets-nox?page=2#","https://noxsport.com/en/collections/all-the-rackets-nox/products/pala-at10-luxury-gold-l5-nox","AT10 Luxury GOLD L.5 by Agustín Tapia","130,00 €","off","149,95 €","279,95 €",""
"https://noxsport.com/en/collections/all-the-rackets-nox/products/at-luxury-blue-18k","","https://noxsport.com/cdn/shop/products/at-luxury-blue-18k-pexatblue18k-8436603195799-321815.jpg?v=1696156658&width=2000","","https://noxsport.com/cdn/shop/products/at-luxury-blue-18k-pexatblue18k-8436603195799-282502.jpg?v=1696156658","","https://noxsport.com/en/collections/all-the-rackets-nox?page=2#","https://noxsport.com/en/collections/all-the-rackets-nox/products/at-luxury-blue-18k","AT Luxury BLUE 18K by Agustín Tapia","175,05 €","off","149,95 €","325,00 €",""